COMPANY_NAME,GROUP,MUTUAL,STOCK,RBC,EXPENSES,STAFFWAGE,AGENTWAGE,LONGLOSS,SHORTLOSS,GPWPERSONAL,GPWCOMM,ASSETS,CASH,LIQUIDRATIO
Tift Area Captive Ins Co,0,0,1,228184000,0.0008019802,84.405079769,77.460996513,0.0001873308,0,0,0.0013754382,0.0029499422,0.003258406,110.45660572
Alliance Of Nonprofits For Ins RRG,0,0,0,1627708000,0.0044878635,81.567543332,84.878022718,0.0027822909,0,0,0.0122725122,0.0221703494,0.019760347,89.129614655
GA Timber Harvesters Mut Captive,0,1,0,422907000,0.0019045075,84.405079769,77.460996513,0.0010121463,0.0013295393,0,0.005028351,0.004617343,0.003499702,75.794715719
American Natl Lloyds Ins Co,1,0,0,652906000,0.0022909382,82.497883147,75.710706705,0,0.0029795574,0.0295450379,0.0019861585,0.0437199143,0.040934885,93.629838137
Chubb Natl Ins Co,1,0,1,8124624000,0.0182956574,79.264952288,78.247901642,0.0107939577,0.011777314,0.0406141197,0.0580944788,0.1447730339,0.138424153,95.614597081
Harleysville Ins Co of OH,1,0,1,1441725000,0.0049830133,84.358562778,77.418306518,0.0019387476,0.003797946,0.0014484311,0.0133757398,0.0292048311,0.029965958,102.60616793
Progressive HI Ins Corp,1,0,1,3037295000,0.014354455,84.358562778,71.850764425,0.01244699,0.0086283832,0.057172929,0.0406123697,0.0255503568,0.013820858,54.092622274
Title Industry Assur Co RRG,0,0,0,330962000,0.0002334371,81.567543332,79.097140362,0.0005276435,0,0,0.0074294241,0.0070946243,0.005510284,77.668439784
Tank Owners Mut Ins Co,0,0,1,1154586000,0.0005228956,82.497883147,75.600448114,0.0007210214,0,0,0.0035853655,0.0193674023,0.020452922,105.60488044
Virginia Farm Bureau Town & Cntry,1,0,1,2505737000,0.009095524,92.47577767,84.867710702,0.0058264452,0.003983684,0.0270371537,0.0244645774,0.0378295159,0.032670361,86.362091127
Proformance Ins Co,0,0,1,29492679000,0.0602894585,102.01176078,93.619159743,0.0730554019,0.0281839925,0.1036156362,0.0759239139,0.348658388,0.318442753,91.333742116
EZ Auto Inc Co,0,0,1,101790000,0.0001843067,79.730122196,73.170651983,0.0000902634,0.0000193095,0.0012205249,0.0005038608,0.002278149,0.001480356,64.980648893
Elite Transportation RRG Inc,0,0,1,124517000,0.0002391241,81.265182892,77.525031506,0.0004197083,0,0,0.0026116945,0.0028400604,0.001083104,38.136653118
Sheffield Ins Co,0,0,1,248906000,0.0005114541,77.357755666,70.993462222,0,0.0002222084,0,0.0024457689,0.0056144043,0.004458203,79.406518921
Ranchers & Farmers Mut Ins Co,1,1,0,3825863000,0.003712998,82.497883147,75.710706705,0,0.0016062166,0.000035393,0.0700592044,0.0165831747,0.002980099,17.970618124
Discover Specialty Ins Co,1,0,1,4473833000,0.0091514709,91.382628386,80.241381886,0.0046995301,0.0088353799,0.0075162756,0.0496456895,0.0903874866,0.090353391,99.962278383
QBE Reins Corp,1,0,1,110038873000,0.1595584924,84.474855255,90.737585059,0.036345752,0.1624233339,0.0623848092,0.5769490865,1.0081925231,0.834290478,82.75110744
APSpeciality Ins Corp,1,0,1,373324000,0.0001012631,93.12701554,83.283006798,0.000177553,-0.000025952,0,0.0000372255,0.0236838461,0.026103129,110.21490704
Antilles Ins Co,0,0,1,2144240000,0.0101753685,51.726893747,47.471274799,0.00029276,0.0015891877,0.0007233235,0.0210292219,0.0539122839,0.057102996,105.91833973
Appalachian Ins Co,1,0,1,13410657000,0.0131610116,90.661615029,78.547924886,-0.000614524,0.023966823,0,0.0462057765,0.1551277744,0.148823913,95.936342522
Broward Factory Service Inc,0,0,1,147156000,0.0003287832,80.823271479,74.173866873,0,0.0003700231,0,0.0006556397,0.0007895474,0.000878578,111.27615592
First Commercial Ins Co,1,0,1,6500568000,0.0141335064,80.055741131,73.469481951,0.0063332869,0.0334672126,0,0.1056635499,0.1146714278,0.078290458,68.27372741
FFVA Mut Ins Co,0,1,0,5526246000,0.034079919,80.055741131,73.821779964,0,0.0298391069,0,0.0850765368,0.1810751738,0.175701449,97.032323806
Bunker Hill Ins Co,1,0,1,2372193000,0.0098215357,106.91930331,97.732955357,0,0.0076240168,0.0330844793,0,0.0329590573,0.030664811,93.039102148
Cumberland Ins Co Inc,1,0,1,2672717000,0.0115726643,102.01176078,90.199049267,0.0054186839,0.0069571062,0.0015628363,0.0237763928,0.0614220302,0.056961932,92.738601764
STICO Mut Ins Co RRG,0,0,0,794423000,0.0016926434,81.567543332,76.926650194,0.0005549269,0,0,0.0025994072,0.0153499576,0.015238626,99.274710566
Catholic Relief Ins Co Of Amer,0,0,1,7280428000,0.0039943327,77.474048143,71.10018721,0.0052004378,0.0139241734,0,0.0693276744,0.0762744785,0.044102781,57.821150477
First Automotive Ins RRG Inc,0,0,0,45543000,0.0001343468,86.172725419,,0.0000109441,0,0,0,0.0030836209,0.003409332,110.56261634
Drivers Ins Co,0,0,1,411429000,0.0012987505,102.47693069,94.046059696,0.0015929902,0.0004511498,0.0019087777,0.0008493731,0.005227029,0.004533803,86.737666889
Mound Prairie Mut Ins Co,0,1,0,312599000,0.0006621869,93.824770402,86.105720566,0,0.000947342,0,0.001985776,0.0029243225,0.002757472,94.294388801
AAA Mid-Atlantic Ins Co,1,0,1,1181205000,0.0045185849,84.474855255,78.825760582,0.003604781,0.0021526866,0.0425609364,0.0249228886,0.0222794105,0.021594388,96.925311389
Florida Family Ins Co,0,0,1,3252035000,0.0089922649,80.055741131,73.469481951,8.7281549E-6,0.0057049568,0.0397876394,0.0193416048,0.0381628289,0.03902659,102.26335714
Residential Ins Co Inc A RRG,1,0,0,218876000,0.0003288165,86.172725419,77.17108693,0.0000756371,0,0,0.0011167729,0.0039751183,0.003958102,99.571928751
Florida Hospitality Mut Ins Co,0,1,0,5277747000,0.0196777002,80.055741131,73.469481951,0,0.0156640509,0,0.0457433908,0.1194969625,0.115091048,96.312948525
Madison Ins Co,0,0,1,2133490000,0.0026602035,84.405079769,78.355157509,0.0030554316,0.0043579325,0,0.009888644,0.0903349148,0.097426671,107.85051521
Farmington Mut Ins Co,0,1,0,0,0.0004313977,82.93979456,76.116261661,0,0.0009119804,0.0014516742,0.000125369,0.0052499416,0.005220768,99.444305466
Seneca Specialty Ins Co,1,0,1,428022000,0.0005634719,81.265182892,80.64213458,0.0001050907,0.0002716161,0,0.0060849947,0.0212079045,0.021195314,99.940633207
New Jersey Cas Ins Co,1,0,1,5372820000,0.0123442858,102.01176078,93.619159743,0,0.0375040413,0,0.0682723793,0.1720327541,0.172326483,100.17074007
Residential Ins Co,1,0,1,0,0.0000117225,81.265182892,,0,0.0000130316,0,0.000034874,0.0061179113,0.006687638,109.31243719
Novus Ins Co RRG,0,0,0,567464000,0.0010786432,75.008647632,83.175603709,0.0010507662,0,0,0.003568597,0.0065321732,0.004558866,69.790953776
National Transportation RRG Inc,0,0,0,124453000,0.0002292036,81.265182892,74.809445796,0.0000353966,0,0,0.000069405,0.001005723,0.000017985,1.7882657594
Clinical Trials Reciprocl Ins Co RRG,0,0,0,57797000,0.0000548039,81.265182892,82.838445585,0.0000137804,0,0,0.0001205574,0.0018668617,0.000065458,3.5063121436
Workcomp Hi Select Inc,1,0,1,517685000,0.0010385589,86.172725419,79.083216336,0,0.001400731,0,0.0035426765,0.016011868,0.017087371,106.71691153
Geovera Ins Co,1,0,1,1491254000,0.0006545613,98.871863902,90.709584501,-1.795732E-9,0.0014468652,0.0143460663,0.0863420178,0.0679208522,0.054346673,80.0147101
Business Alliance Ins Co,0,0,1,2129250000,0.0066657802,98.871863902,90.737585059,0,0.0045949547,0,0.0180368942,0.0292387839,0.028597385,97.806342214
Builders Mut Ins Co,0,1,0,18817461000,0.0623778848,80.148775113,73.637934764,0.0052005842,0.0633991706,0.0001050773,0.1509722784,0.3807144185,0.367756637,96.596456335
N A D A Ind Inc,0,0,1,216137000,0.0005148507,93.68521943,,0.0005572838,0,0,0.0010112296,0.0011953406,0.001307078,109.34774442
GA Resaurant Mut Captive Ins Co,0,1,0,250265000,0.0014394901,84.405079769,77.460996513,0,0.0016234709,0,0.0037711771,0.004449627,0.004628077,104.0104479
Capitol Preferred Ins Co,0,0,1,894659000,0.0021486875,80.055741131,73.690072132,0,0.0162283076,0.0257879492,0.0057940843,0.0171042476,0.017490055,102.25562319
West Virginia Natl Auto Ins Co,0,0,1,936948000,0.0028926251,71.077961911,65.230312853,0.0032962877,0.0004293873,0.0057300764,0.0010769121,0.0089188329,0.009469372,106.17277044
Kemper Independence Ins Co,1,0,1,2143069000,0.0084586111,91.382628386,86.773649257,0.0038219343,0.00500509,0.1436645716,0.0660287658,0.0498054594,0.046798062,93.961711384
Autoglass Ins Co,0,0,1,9015000,0.0000414123,102.47693069,94.046059696,0,0.000058153,0,0.0000897947,0.0003205839,0.000349975,109.16797774
Little Black Mut Ins Co,0,1,0,0,0.0006149547,82.93979456,76.116261661,0,0.0005331322,0.0021845689,0.0003513771,0.0029919632,0.002784896,93.079219633
Physicians Reimbursement RRG,0,0,0,2335445000,0.0020018442,81.567543332,90.737585059,0.0005767577,0,0,0.0028602337,0.0195194074,0.020757333,106.34202465
Nationwide Ins Co Of FL,1,0,1,45097034000,0.1437279008,84.358562778,73.469481951,0,0.2404374609,0.241662969,0.0162495107,0.5497040921,0.482975374,87.860974828
Guilford Ins Co,1,0,1,40389377000,0.0301824751,91.382628386,73.430771762,0.0237296849,0.001450735,3.1245735E-7,0.0721943745,0.2645527918,0.262815174,99.343186737
Alamance Ins Co,1,0,1,54939357000,0.0301805375,91.382628386,,0.0237296849,0.001450735,3.1245735E-7,0.0677290196,0.2944730685,0.295965971,100.5069742
Infinity Reserve Ins Co,1,0,1,47940000,0.000142951,84.358562778,77.460996513,0.0003129673,0.000151953,0.0072979407,0.0029241169,0.0066328626,0.007223879,108.9104271
Response Ind Co Of CA,1,0,1,57242000,0.0002763335,98.871863902,90.737585059,0.0001186674,0.0002279089,0.0003032794,0.0002958405,0.0059038233,0.006342767,107.43490591
First Net Ins Co,0,0,1,553294000,0.0016995794,64.216705771,58.933538543,0.0004566008,0.0005143488,0.0013798368,0.0038617583,0.0071402538,0.006267725,87.780142504
Amerihealth Cas Ins Co,1,0,1,7276351000,0.0229732454,91.150043432,77.612338462,0,0.0293362867,0,0.0617371587,0.126250651,0.11389564,90.213903168
Homesite Ins Co Of NY,1,0,1,855744000,0.0025444067,102.47693069,94.046059696,0,0.0031474215,0.0123499549,0,0.0184709603,0.010719346,58.033506723
Ellington Mut Ins Co,0,1,0,0,0.000675751,82.93979456,76.116261661,0,0.0005400331,0.0015160808,0.0003779315,0.0042702002,0.004438106,103.93203607
Sentinel Ins Co Ltd,1,0,1,3838631000,0.0105057499,104.33761032,79.262259414,0.0043206306,0.0100189584,0.1777851461,0.0919223606,0.3238865142,0.352678593,108.88955776
Bristol West Cas Ins Co,1,0,1,220823000,0.0008872666,84.358562778,77.418306518,0.0006341017,0.0003064327,0.0024969329,0.0018990179,0.008251697,0.006662508,80.741064861
Carribean Alliance Ins Co,1,0,1,3829071000,0.0253678081,51.726893747,47.471274799,0.0106779912,0.0253728361,0.0223857519,0.0589075135,0.1396339679,0.137022984,98.130122688
Hartland Mut Ins Co,0,1,0,671589000,0.0014559803,71.752458277,65.849317786,0,0.003222827,0,0.0039126538,0.0059786658,0.005708094,95.474378133
Federated Rural Electric Ins Exch,0,0,1,14028718000,0.0193697116,78.985850343,73.913053668,0.0221472958,0.0390724398,0,0.1179204392,0.2291654094,0.23674375,103.30693042
Versant Cas Ins Co,1,0,1,270332000,0.0003838108,67.682221584,62.113943195,0,0.0021621375,0,0.0035632565,0.0090369912,0.009771846,108.13163149
Sompo Japan Ins Co of Amer,1,0,1,29878402000,0.0392862846,102.47693069,83.992436269,0.0036919404,0.0293044349,0.0014346398,0.1556065605,0.4658615652,0.474418995,101.83690401
Professional Solutions Ins Co,1,0,1,572192000,0.0018585116,75.21797409,81.861731639,0.0008811073,0,0,0.0118473646,0.0125054985,0.009446311,75.537260482
Grange Ins Co of MI,1,0,1,1585570000,0.0078280066,84.358562778,85.465370636,0.0035027385,0.0057937063,0.0439048567,0.0390630059,0.0324378075,0.030418502,93.77483969
United Cas Ins Co Of Amer,1,0,1,628862000,0.0018834992,91.382628386,77.833736301,0,0.0011173376,0.0000544996,0.0303981622,0.0151598139,0.012007309,79.204857759
Fairmont Farmers Mut Ins Co,0,1,0,843052000,0.0016517097,93.824770402,86.105720566,0,0.0013592532,0,0.0051114521,0.0093450948,0.008648512,92.546006271
Consumer First Insurance Company,0,0,1,841477000,0.0019865616,102.01176078,93.619159743,0.0012180072,0.0004461406,0.0110295479,0.0042097954,0.0108405228,0.005798776,53.491663481
Loya Ins Co,1,0,1,25238123000,0.0650547177,82.497883147,72.84917321,0.0441267463,0.027646362,0.1093465574,0.049103532,0.1413191635,0.124710769,88.247599194
Tokio Marine Pacific Ins Ltd,1,0,1,1000270000,0.0001343737,64.216705771,58.933538543,0,0.0013806673,0,0.0165693099,0.0124071921,0.002345519,18.904511059
Association Ins Co,1,0,1,2564720000,0.008200937,84.405079769,74.058881762,0.000848275,0.0064707278,0,0.051793806,0.0574726672,0.047528322,82.69726175
Allied Eastern Ind Co,1,0,1,624615000,0.0005948461,84.474855255,77.525031506,0,0.0020333647,0,0.0336783243,0.0197829212,0.006331181,32.003266611
Rutgers Enhanced Ins Co,1,0,1,910083000,0.0019576988,102.01176078,93.619159743,0.002526347,0.0003286468,0.0036989545,0.0012681665,0.0128427235,0.010692898,83.260361307
Caterpillar Ins Co,1,0,1,11015419000,0.0082375206,80.613945021,77.071189911,0.0075804919,0.0127405868,0,0.1335428794,0.103581502,0.104773002,101.15030193
Georgia Cas & Surety Co,1,0,1,6374726000,0.0194599489,84.405079769,73.453065302,0.0070865579,0.0148166082,0,0.0434462304,0.0827778671,0.064234319,77.598422473
Global Reins Corp US Branch,1,0,0,30393116000,0.0067703753,102.47693069,,0.0162205554,-0.003168545,-0.000088784,0.0000469674,0.2714715439,0.248062568,91.377005636
Global Surety & Ins Co,0,0,1,5712902000,0.0010918221,77.474048143,85.187318823,0,0.0000282074,0,0.0163910736,0.0749838366,0.082637235,110.20673085
Hartford Steam Boil Inspec & Ins Co,1,0,1,53846174000,0.2520937974,104.33761032,80.502386268,0.000612068,0.1027613948,0,0.6378267173,1.0440483501,1.084318774,103.85714167
New Jersey Skylands Ins Co,1,0,1,2137984000,0.0068732851,102.01176078,93.619159743,0.0064814995,0.0014965396,0.0347840722,0.0157045545,0.0353523962,0.029229393,82.680089956
MdAdvantage Ins Co of NJ,0,0,1,22113074000,0.0158956545,102.01176078,93.619159743,0.0192693481,0,0,0.0875723743,0.2075693853,0.21334239,102.78124094
Georgia Lawyers Ins Co,1,0,1,214442000,0.0011984876,84.405079769,77.460996513,0.0004959336,0,0,0.0040015569,0.0060046896,0.00626309,104.30331067
QBE Specialty Ins Co,1,0,1,1187302000,0.0033875827,71.752458277,91.517663047,0.0011454857,0.0017029276,0,0.0377079179,0.0435985192,0.0365264,83.778992124
Consortium RRG,0,0,0,1600878000,0.0037803479,81.567543332,73.469517873,0.0027394582,0,0,0.0137693311,0.0204012078,0.021168243,103.75975382
Mid-Atlantic Ins Corp,0,0,1,214879000,0.0005767738,92.47577767,84.867710702,0,0.0000410486,0,0.0007234178,0.0062342496,0.006637129,106.46235534
Community Health Alliance Recip RRG,0,0,0,3198205000,0.0028615554,81.567543332,77.525031506,0.0064250578,0,0,0.0141157026,0.0571790614,0.062358673,109.058581
AIMCO Mut Ins Co,0,1,0,1820232000,0.0042448651,80.148775113,73.554861941,0,0.0076425093,0,0.010487402,0.0298365148,0.029345357,98.353836648
Mountain Laurel RRG Inc,0,0,0,8102645000,0.0023910395,81.567543332,77.615570771,0.0014520549,0,0,0.0686596738,0.0105287075,0.008468544,80.432892885
AssuranceAmerica Ins Co,0,0,1,2005077000,0.0038772339,75.008647632,75.196832039,0.0052609585,0.0021965545,0.0292283803,0.0161312429,0.0298762714,0.014572841,48.777308304
Pace RRG Inc,0,0,0,1835153000,0.0016338027,81.567543332,77.525031506,0.0041194934,0,0,0.0068045642,0.0167018923,0.017307575,103.62643134
Cypress TX Lloyds,1,0,0,1389479000,0.0030608223,82.497883147,75.710706705,0,0.0027154456,0.0240033715,0.0035790885,0.0165783792,0.013083216,78.917340686
Missouri Physicians Mut,0,1,0,5369833000,0.0145700686,80.613945021,73.981761895,0.0153756132,0,0,0.0381150696,0.0454009762,0.040394426,88.97259358
Lackawanna Cas Co,1,0,1,8573417000,0.0077460593,84.474855255,77.525031506,0,0.0205842593,0,0.0478617529,0.1381801308,0.142516739,103.13837323
Saint Lukes Hlth System RRG,0,0,0,499860000,0.0008263105,75.008647632,73.750611231,0.0006738879,0,0,0.0052174595,0.0067319628,0.006254229,92.903499512
United Guaranty Mrtg Ins Co Of NC,1,0,1,0,0.0047229769,80.148775113,,0,0.004740242,0,0.0231652343,0.1040612084,0.113231939,108.81282345
First Keystone RRG Inc,0,0,0,1021496000,0.0020738701,75.008647632,80.450114161,0.0037774316,0,0,0.0061372074,0.0103532016,0.008405427,81.186741226
Communities of Faith RRG Inc,0,0,0,173586000,0.0008840352,75.008647632,75.710706705,0.00123204,0,0,0.0019247687,0.0042884044,0.003920456,91.419922556
Schuykill Crossing Reciprocal RRG,0,0,0,897409000,0.0016670156,81.567543332,77.724129953,0.0029270565,0,0,0.0079717891,0.0158989901,0.01000141,62.90594528
Pennsylvania Medical Reins Co,0,0,1,2164299000,0.0053119195,84.474855255,,0.0062321908,0,0,0.0122289621,0.0250946916,0.026564201,105.85585742
Primero Ins Co,0,0,1,1518000000,0.003277446,80.823271479,74.174466301,0.0076997464,0.0010570854,0.0126066413,0.0031808922,0.0128579998,0.013005766,101.14921602
Pinnacle RRG Inc,0,0,0,17744000,0.0000924551,137.48096625,76.92913817,0.0000747815,0,0,0.0000854319,0.0007791178,0.000834989,107.17108603
Mercury Cas Co,1,0,1,154179944000,0.4317439161,98.871863902,90.077927078,0.3330175892,0.2679823587,0.6997431924,0.4327704256,2.0420300435,2.017834897,98.815142482
Mid-Continent Ins Co,0,0,1,2400069000,0.0083824245,84.474855255,78.232345407,0.000688823,0.0060661979,0.0004766734,0.0233963854,0.038548667,0.034657781,89.906561424
Preferred Managed Risk Ltd,0,0,1,0,0.0000777309,137.48096625,77.273379521,0.0033906103,0,0,0.0098682184,0.0202583852,0.018413548,90.893463844
Healthcare Underwriters Grp of FL,0,0,0,1096224000,0.0044577518,80.055741131,73.469481951,0.0014526492,0,0,0.0081097623,0.020445161,0.022029611,107.74975534
Transportation Liability Ins Co RRG,0,0,0,521951000,0.000997881,75.008647632,93.619159743,0.0004085021,0,0,0.0033855867,0.0050770782,0.004237011,83.453727373
TriState Medical Ins Co RRG,0,0,0,712902000,0.0018313161,80.823271479,75.819009866,0.0005611806,0,0,0.0033315307,0.0040321176,0.003022351,74.956916627
Emergency Medicine Professional Asr,0,0,0,513433000,0.0017439277,80.823271479,78.898090456,0.0005952402,0,0,0.0038694216,0.0064141326,0.006426951,100.19984636
Districts Mut Ins,0,1,0,314245000,0.0010853628,82.93979456,76.116261661,0.0002661499,0.0014295139,0,0.0040155834,0.0064797872,0.007151166,110.36112349
Allied Services Risk Retention Group,0,0,0,78188000,0.0001508819,75.008647632,77.525031506,0.0004501289,0,0,0.0007515138,0.0023306867,0.002145613,92.059262109
Crown Captive Ins Co Inc,1,0,1,223336000,0.0006321668,137.48096625,126.17028118,0.0009997226,0,0,0.0019028446,0.0022438631,0.002369947,105.61905557
California Medical Grp Ins Co RRG,0,0,0,264089000,0.0004872898,81.265182892,90.737585059,0.0014811798,0,0,0.003846332,0.0070029549,0.004814296,68.74663745
Pinelands Ins Co RRG Inc,0,0,0,233864000,0.0003514005,137.48096625,83.887304248,0.0004198295,0,0,0.004691636,0.0040395115,0.00058219,14.412386289
American Liberty Ins Co,0,0,1,342120000,0.0008978947,79.730122196,73.170651983,0,0.0009187117,0,0.0019984287,0.0023245085,0.001778856,76.52611267
Teachers Auto Ins Co,1,0,1,1266041000,0.0027422487,102.01176078,93.619159743,0.0024426937,0.0011665434,0.0168232057,0.0091440096,0.0162477491,0.011435535,70.382272429
Mississippi B & C Ins Co A RRG Inc,0,0,0,111920000,0.0002800049,80.823271479,62.113943195,0.0001791054,0,0,0.0012677598,0.0027275857,0.001215931,44.579021346
Health Facilities of CA Mut I C RRG,0,0,0,561299000,0.0013256264,86.172725419,90.737585059,0.000304329,0,0,0.003550083,0.0056209596,0.006142489,109.27829826
Pennsylvania Manufacturers Asn Ins C,1,0,1,40266560000,0.081084922,84.474855255,81.784594555,0.0061837025,0.1081858879,0,0.382071243,0.5306505488,0.384936349,72.540459986
Pennsylvania Rein Co,0,0,1,0,0.0000255138,84.474855255,,0,0.0001917572,0,0,0.0065796174,0.007307375,111.06078962
Philadelphia United Fire Ins Co,1,0,1,18112000,0.000056351,84.474855255,78.7584436,0,9.0917906E-6,0,0.0000641337,0.0007419704,0.000818235,110.27866028
Rochdale Ins Co Of NY,1,0,1,4383426000,0.0047270721,102.47693069,89.366260085,0.0002148916,0.0076026144,0,0.0782756026,0.0752006129,0.059391347,78.977211385
Southern Trust Ins Co,0,0,1,3138729000,0.0102981175,84.405079769,76.773569681,0.0028835701,0.0048159976,0.0089968476,0.0118099855,0.0449185294,0.044620028,99.335460348
Tennessee Ins Co,0,0,1,1365557000,0.0002567995,77.357755666,70.993462222,0,0.0013629605,0.0017599475,0.0012279879,0.0107571677,0.011400375,105.97933728
Badger Mut Ins Co,0,1,0,6910234000,0.0359422924,82.93979456,80.609101013,0.0070471344,0.031610293,0.0404335786,0.054094143,0.142114143,0.137830795,96.985980484
Barnstable County Mut Ins Co,1,1,0,3387892000,0.00652043,106.91930331,98.12295425,-8.844877E-6,0.003932766,0.014328188,0.0026480051,0.0604638061,0.063811758,105.53711731
Brethren Mut Ins Co,0,1,0,7696532000,0.0341475194,97.8717486,86.970501423,0.0108975535,0.0248696119,0.044529485,0.0498532384,0.1467127053,0.14694746,100.16000977
Pharmacists Mut Ins Co,1,1,0,6763925000,0.028292883,75.21797409,75.690438568,0.0084370479,0.0294763116,0.0130726751,0.0796867462,0.1499477684,0.124319667,82.908647651
Excess Rein Co,1,0,1,3789841000,0.000238528,91.150043432,,0.0000574697,0.0001820208,0,0.0000195986,0.0374934878,0.040791043,108.79500793
Farmers Home Mut Ins Co,1,1,0,3102470000,0.006799828,93.824770402,84.580677971,0.0018163586,0.0046032591,0.0235826414,0.0062380512,0.026994145,0.026453689,97.997876888
Farmers Mut Ins Co Of NE,0,1,0,10785031000,0.0539920656,77.474048143,69.736260159,0.0191930277,0.0663092412,0.1220704106,0.0456140613,0.3162349931,0.33052043,104.51734857
Germantown Mut Ins Co,0,1,0,2237316000,0.0115979464,82.93979456,75.998383538,0.0036884459,0.0122627703,0.0180962934,0.015520281,0.0563126028,0.055377291,98.339071968
Grange Mut Cas Co,1,1,0,83335771000,0.3518700761,84.358562778,75.894798747,0.1541206552,0.2549230394,0.4796528967,0.4638843055,1.3401631099,1.278379004,95.389806997
Valley Ins Co,1,0,1,864153000,0.0012956044,98.871863902,81.531306109,0.0004503821,0.0002662146,0.0091648482,0.0143458382,0.0256147284,0.022684086,88.558760545
Harford Mut Ins Co,1,1,0,13310392000,0.0272928129,97.8717486,90.823156616,0.0033882489,0.0302865171,0.0035138684,0.0996490601,0.2209570802,0.210310126,95.18143786
Madison Mut Ins Co,0,1,0,2716282000,0.0109425078,91.382628386,83.864495812,0.0078105386,0.0078118899,0.0206772091,0.0095917359,0.0638837192,0.067331021,105.39621341
Podiatry Ins Co Of Amer A Mut Co,1,0,0,4949433000,0.0297478092,91.382628386,81.409878756,0.0241327145,0,0,0.0702299578,0.1766987265,0.171575504,97.100588912
Michigan Millers Mut Ins Co,0,1,0,10720554000,0.0581716612,93.12701554,83.032492099,0.0134682263,0.0669240226,0.0494938981,0.1258239851,0.271520158,0.244976895,90.2242017
First Washington Ins Co Inc,1,0,1,841539000,0.0010809453,137.48096625,126.17028118,0.0003618804,0,0,0.0014047921,0.0096341959,0.010665326,110.70281384
New London Cty Mut Ins Co,1,1,0,7366808000,0.0284100329,104.33761032,94.813542529,0.0054848072,0.0246252451,0.05901338,0.0407408723,0.1227985754,0.116877648,95.178341911
North Carolina Farm Bur Mut Ins Co,1,1,0,48199957000,0.1729941307,80.148775113,73.554861941,0.1795559954,0.1900240897,0.4615051726,0.3124907511,1.0799563116,1.00242837,92.821196487
Guideone Mut Ins Co,1,1,0,51083598000,0.129299573,75.21797409,79.751406739,0.043512984,0.1150747482,0.1053992352,0.4937336113,0.7609304235,0.654181424,85.971253589
Newport Bonding & Surety Co,0,0,1,1104564000,0.0023755908,51.726893747,47.471274799,0,0.0007081208,0,0.0029123961,0.0067894271,0.007368924,108.53528439
South Carolina Farm Bur Mut Ins Co,1,1,0,6431577000,0.017157896,75.008647632,68.837617458,0,0.0274699709,0.1248344263,0.0575912708,0.1030646176,0.097989607,95.075894391
Southern Mut Ins Co,0,1,0,1263750000,0.0062666967,84.405079769,76.186376084,0.001460906,0.0062482061,0.0109655776,0.004557986,0.0233884868,0.023023697,98.440301645
Tennessee Farmers Mut Ins Co,1,1,0,37578452000,0.068533942,77.357755666,70.993462222,0.0765799801,0.1453936038,0.4450694661,0.2877660233,1.5045091816,1.555381217,103.38130442
United Farm Family Mut Ins Co,1,1,0,33929017000,0.1497225172,79.264952288,72.74375203,0.0911713245,0.1696562439,0.2750485566,0.1889225716,0.7125794997,0.654422019,91.838457216
Upland Mut Ins Inc,0,1,0,991420000,0.0042731712,78.985850343,72.487612058,0.0000490989,0.0051446103,0.0100956155,0.0023803208,0.0164534843,0.01528421,92.893455026
Western Natl Mut Ins Co,1,1,0,16985073000,0.0639403189,93.824770402,84.305766805,0.0346421968,0.0492628907,0.0579346776,0.1292394662,0.3482554186,0.312288339,89.672212492
West Virginia Farmers Mut Ins Assoc,1,1,0,68343000,0.0003981497,71.077961911,65.230312853,-2.693598E-6,0.0001283903,0.0026383926,0.0007258699,0.0033285534,0.002788444,83.773449595
National Fire & Ind Exch,0,0,0,626009000,0.0032838522,80.613945021,80.171532185,0,0.0030896474,0,0.0062320768,0.0118746337,0.011776332,99.17217092
Southern States Ins Exch,0,0,0,1375903000,0.0040791487,92.47577767,77.848622949,0.0016019257,0.0039006466,0,0.0127295735,0.0304585312,0.032150125,105.55376038
Cameron Mut  Ins Co,1,1,0,4584475000,0.0224092536,80.613945021,71.644242066,0.0090040521,0.01756166,0.027920784,0.0325562585,0.0780566715,0.071703401,91.860695081
MMG Ins Co,0,0,1,5490887000,0.0276261268,78.892816362,75.552098293,0.0129226183,0.0212821149,0.0490235519,0.042639048,0.1314462169,0.115544732,87.902668253
Grinnell Select Ins Co,1,0,1,1653555000,0.0091031172,75.21797409,73.509064222,0.0062823744,0.007002523,0.0111385362,0.0153243496,0.0465930961,0.040090352,86.043545784
National Farmers Union Prop & Cas,1,0,1,18455381000,0.0662704857,93.68521943,74.358495942,0.0253136111,0.0435745776,0.0755860111,0.0827288741,0.2359716939,0.227177574,96.273231025
Affinity Mut Ins Co,0,1,0,679770000,0.0024502187,84.358562778,75.647998818,0.0004074345,0.0012108566,0,0.0085960016,0.0142994473,0.01262119,88.263481507
Areca Ins Exch,0,0,0,609649000,0.0015941897,99.406809296,91.228520005,0.0000313445,0.0019137411,0,0.0053601664,0.0214173649,0.023578816,110.09204962
Midwest Medical Ins Co,0,0,1,17415106000,0.0443617394,93.824770402,75.079635939,0.061548685,0,0,0.1201302678,0.360516729,0.381676577,105.86931098
Arbella Mut Ins Co,1,1,0,65698583000,0.1800532605,106.91930331,98.12295425,0.1267651371,0.094581054,0.3324848081,0.2856768527,0.8063710377,0.681358447,84.496889785
Farmers & Mechanics Mut Ins Co,1,1,0,167623000,0.0001531687,84.474855255,77.525031506,7.2960587E-6,0.0001396244,0.0023589623,0.0011069098,0.0028412501,0.002575415,90.643727029
Noetic Specialty Ins Co,1,0,1,5752214000,0.0085499537,91.382628386,86.8673476,0.0059939762,0.0005233086,0,0.061770474,0.0874791525,0.091359828,104.43611471
Mutual Fire Ins Co Of S Bend Twnshp,0,1,0,0,0.0000362837,84.474855255,77.525031506,0,0.0000517314,0,0.0001341017,0.0022081855,0.002450236,110.96151193
Lakeland Ins Co,1,0,1,288866000,0.000791784,84.474855255,77.525031506,0.0006398292,0.000278641,0.0007464292,0.0003184964,0.0040836982,0.004241815,103.87190305
Old Guard Ins Co,1,0,1,11393218000,0.0517436332,84.358562778,78.549952339,0.0207799313,0.0379291323,0.0524227467,0.0866690188,0.239180533,0.211632406,88.48228714
Reamstown Mut Ins Co,0,1,0,382598000,0.0014836597,84.474855255,77.525031506,2.8273799E-6,0.0012833126,0.0030607388,0.0020970611,0.0042189769,0.003744991,88.765382157
Topa Ins Co,1,0,1,12435142000,0.0393191303,98.871863902,88.116493576,0.0248538211,0.0222088212,0.0306174885,0.0880898099,0.1686756702,0.170738424,101.2229113
Slavonic Mut Fire Ins Assoc,0,1,0,253277000,0.0005911765,82.497883147,75.710706705,0,0.0001657514,0,0.0015112898,0.0185199407,0.020368851,109.98334889
Platte River Ins Co.,1,0,1,3201429000,0.009553406,77.474048143,82.946713166,0.0028101866,0.0044799147,0,0.0778588725,0.0971573492,0.101087096,104.04472417
Ambac Assur Corp,1,0,1,0,0.1211208581,82.93979456,84.022036654,0,0.0346456195,0,0.9969909181,8.0757636341,8.823476808,109.25873029
Pemco Ins Co,1,0,1,7740824000,0.0297974217,96.429721886,88.496360304,0.0285813951,0.0142131237,0.0418686656,0.0273246854,0.1443920783,0.131045876,90.756970559
Alfa Mut Fire Ins Co,1,1,0,28136376000,0.0375836614,75.148198604,68.965687444,0.0263260537,0.1452084405,0.0947880112,0.094290896,0.6859928198,0.689659488,100.53450534
Alfa Mut General Ins Co,1,1,0,4028292000,0.0079058309,75.148198604,68.965687444,0.0054876418,0.0230354899,0.0487074178,0.0155091735,0.0619763314,0.057838821,93.32404764
Alliance Ins Co Inc,1,0,1,1351808000,0.0051548971,78.985850343,72.534588402,0.0017512202,0.0079357514,0.0180116776,0.010845831,0.0206309169,0.021171691,102.62118288
Farmers Alliance Mut Ins Co,1,1,0,13746605000,0.0452303942,78.985850343,71.95022513,0.0153231833,0.0694378416,0.0732588799,0.3437575124,0.2345700093,0.187827194,80.072978877
St Paul Protective Ins Co,1,0,1,17629157000,0.0366678058,91.382628386,89.2784051,0.0176330898,0.0365065849,0.0300630068,0.1041909456,0.4438195765,0.448903752,101.14555007
Danielson Ins Co,1,0,1,184763000,0.000809603,98.871863902,,0.0004064738,0.00017961,0.0008502602,0.0002653903,0.0076698053,0.008410846,109.66179275
AIG Casualty Company,1,0,1,332096807000,0.2771002162,84.474855255,78.397871685,0.31111882,0.3041172128,0.1606765878,1.2580982607,3.1993031528,2.345652865,73.317618025
Amerisure Ins Co,1,0,1,23461489000,0.0660604856,93.12701554,74.474164139,0.0191322135,0.0616657685,6.1952751E-8,0.2691638704,0.4972202717,0.473124849,95.153974198
Wesco-Financial Ins Co,1,0,1,175650823000,0.0073309211,77.474048143,,-0.000645864,0.0127568866,0,0.045384169,2.2443355927,2.385777507,106.30217312
XL Select,1,0,1,6014972000,0.0041395364,73.171226496,85.251005532,0.0050088925,0.0056123293,0.0000761821,0.0443268358,0.1088233539,0.062243191,57.196538056
Argonaut-Southwest Ins Co,1,0,1,532214000,0.0007610042,73.10145101,78.588869207,0.000283177,0.0003850579,-5.333324E-7,0.0058296443,0.0177410411,0.01876138,105.75129104
Financial Ind Co,1,0,1,2242402000,0.0091850493,98.871863902,83.841071226,0.0082624049,0.0039090749,0.1404298533,0.1209880377,0.0609929724,0.058195785,95.413918534
Centennial Ins Co,1,0,1,13914369000,0.0232815797,102.47693069,88.620878663,0.0068809807,0.0317142102,0.0392854271,0.0135580695,0.2495056601,0.238366614,95.535553726
American Commerce Ins Co,1,0,1,8110678000,0.0402308225,84.358562778,77.705007669,0.0337765185,0.0235897794,0.1736793074,0.0956554305,0.2756336482,0.216552948,78.565497855
Wilson Mut Ins Co,1,0,1,1658285000,0.007503763,82.93979456,76.116261661,0.0031230094,0.0051020721,0.0333963638,0.035940643,0.0509603871,0.031124297,61.075472147
Amica Mut Ins Co,1,1,0,140034417000,0.4159178929,90.661615029,86.875402253,0.30581217,0.3442207368,0.8788143932,0.3830786136,3.218805436,3.106409433,96.508145482
Acceptance Ind Ins Co,1,0,1,13218088000,0.0178996383,77.474048143,77.95899797,0.0183879562,0.0047738024,0.0006497883,0.0625848986,0.1289218982,0.126852558,98.394888486
National Fire & Marine Ins Co,1,0,1,461080847000,0.1240787967,77.474048143,80.2498649,0.0378517309,0.0064792054,0,0.4243540267,4.6923948922,3.588050996,76.465239572
Bituminous Cas Corp,1,0,1,32297064000,0.0912897207,91.382628386,73.808534527,0.0294503327,0.091740347,2.4242381E-7,0.3931252891,0.633999754,0.579625152,91.423561028
Celina Mut Ins Co,1,1,0,1805289000,0.0072262793,84.358562778,74.412418815,0.0023197193,0.0049604257,0.0196478013,0.0240094824,0.0418578041,0.036274162,86.660451509
Columbia Lloyds Ins Co,1,0,0,658195000,-0.001839768,82.497883147,75.710706705,0,0.002548228,0.0118077543,0.0116394116,0.0233401143,0.022498299,96.393268238
Mitsui Sumitomo Ins Co of Amer,1,0,1,31472363000,0.0850248062,102.47693069,85.156468035,0.0290714701,0.0602915056,0.0054382259,0.2675847496,0.570239565,0.500932466,87.845968036
AXIS Reins Co,1,0,1,108694798000,0.1259343938,102.47693069,84.094652588,0.0458898381,0.1612724547,0.0240445764,0.8205130613,1.312956291,1.053161385,80.212981363
Clarendon Natl Ins Co,1,0,1,206432285000,0.0972070524,102.01176078,83.946145504,0.0120320287,0.0190853377,0.1201766569,0.74640314,1.7025227519,1.272959432,74.76901149
Cardif Prop & Cas Ins Co,1,0,1,2689972000,0.000862218,82.497883147,,0,0.0002399403,0,0.000897786,0.0095122765,0.009512381,100.00109836
Westchester Fire Ins Co,1,0,1,186081411000,0.1499908588,102.47693069,82.24636767,0.1445319874,0.2501847629,-5.697857E-6,0.7513222818,2.0135815774,1.964841975,97.579457274
Memberselect Ins Co,1,0,1,8213733000,0.0256514269,93.12701554,80.561447825,0.0171471629,0.0223447859,0.1179958124,0.0728044996,0.1912935779,0.188352608,98.46258826
Farmers Ins Co Of WA,1,0,1,15734459000,0.0747426465,96.429721886,88.496360304,0.0499466228,0.0550621521,0.4449620634,0.2125255434,0.3941177803,0.321486709,81.571226954
Texas Farmers Ins Co,1,0,1,7851986000,0.0374133182,82.497883147,75.710706705,0.0251220173,0.0276760607,0.0653160731,0.0593588339,0.1749364464,0.159960152,91.439008471
Progressive Universal Ins Co,1,0,1,7676241000,0.0368129826,82.93979456,82.384290069,0.0336828244,0.0255118572,0.1450213441,0.0893457233,0.1090227016,0.082123419,75.326897759
Farmers Mut Protective Asn Of TX,1,1,0,8401110000,0.0170392179,82.497883147,75.710706705,0,0.0186991565,0,0.0474617994,0.0730134159,0.064246548,87.992798579
United Security Ins Co,1,0,1,120082000,0.0002780709,93.68521943,82.463556272,0,0.0002626258,0,0.0005682001,0.0119572562,0.013026258,108.94019321
Firemans Fund Ins Co,1,0,1,625289743000,1.2092244494,98.871863902,82.708780415,0.5096655369,1.071371185,0.6860196525,4.1894013398,8.7053796402,7.761293242,89.155138119
Motors Ins Corp,1,0,1,299617735000,0.805157729,93.12701554,78.765820955,0.5018669147,1.171058715,0.7432109796,1.9944145725,7.513959403,7.134662971,94.952109645
Palisades Safety & Ins Assoc,1,0,0,59578748000,0.0483452402,102.01176078,93.619159743,0.037908116,0.0134316293,0.080105994,0.0572382676,0.3372731631,0.431229093,127.85751732
Republic Ind Co Of Amer,1,0,1,33059303000,0.091825612,98.871863902,87.423939122,0.0039028105,0.1192186106,0.0009471202,0.3287149401,0.7859672396,0.816501767,103.88496185
Insurance Co Of Greater NY,1,0,1,3008021000,0.0100898099,102.47693069,93.366779994,0.0003248371,0.0108004107,0.0002093689,0.0890084238,0.0796700765,0.076574417,96.114401291
AIG Preferred Ins Co,1,0,1,5364345000,0.017077854,84.474855255,79.3522632,0.0157012216,0.0107045357,0.0640603545,0.0346826897,0.0749235862,0.064428186,85.991860842
Infinity Ins Co,1,0,1,53552365000,0.3278807167,79.264952288,89.418041368,0.3085840376,0.149827326,0.6100539438,0.4083677174,1.507639787,1.300219939,86.242081845
American General Prop Ins Co Of FL,1,0,1,693370000,0.0017197096,80.055741131,73.469481951,0,0.0028182208,0,0.0038817187,0.0102987775,0.009654497,93.744107319
Insurance Co Of North Amer,1,0,1,28434937000,0.0575393328,84.474855255,83.470333848,0.0449323207,0.0688968648,0.0048246046,0.3519817177,0.458794905,0.307388525,66.999114783
Pacific Employers Ins Co,1,0,1,124924266000,0.2058246046,84.474855255,78.866339028,0.1599590582,0.2452728471,0.0107549517,0.6300499752,1.7595866997,1.483076305,84.285491884
Horace Mann Prop & Cas Ins Co,1,0,1,3026444000,0.0184527785,98.871863902,80.175302585,0.0171767611,0.0181575207,0.0432963936,0.0267800085,0.0989812445,0.097155953,98.155921874
Interstate Ind Co,1,0,1,4709784000,0.01287711,91.382628386,84.699800847,0.0054364194,0.0114277173,0.0054538667,0.1291790848,0.1208954157,0.114089482,94.37039557
Tri-State Consumer Ins Co,0,0,1,3575228000,0.0109562775,102.47693069,94.046059696,0.0066066189,0.0023469381,0.0159624288,0.0066834843,0.0874104163,0.088998217,101.81648909
Lumbermens Underwriting Alliance,0,0,0,22280962000,0.0461839503,80.613945021,77.189111852,-0.001116905,0.0306094364,0,0.1167321334,0.3240319676,0.239346721,73.865156811
Inland Ins Co,1,0,1,18381030000,0.0005248844,77.474048143,72.797168556,0,0.0000601579,0,0.0013327994,0.1344779807,0.149221864,110.9637899
Mid-Continent Cas Co,1,0,1,52135270000,0.1274926088,73.171226496,72.585886436,0.0970178666,0.0093432676,0.0058749596,0.2891900486,0.6851555786,0.688288879,100.45731225
American Modern Home Ins Co,1,0,1,46210346000,0.1902386968,84.358562778,78.804991026,0.0062264005,0.1284817706,0.0661855548,0.5738705205,0.7327734846,0.487094351,66.472704219
Monterey Ins Co,1,0,1,2052874000,0.01045346,98.871863902,89.577204493,0.0024632171,0.0069788175,0.0072564485,0.0362485688,0.0411185919,0.040408915,98.274072877
Harleysville Ins Co,1,0,1,4525409000,0.015006426,93.824770402,79.559376819,0.005816241,0.0113938363,0.0134485289,0.0638115649,0.0878009925,0.080048992,91.170942059
Philadelphia Ins Co,1,0,1,6195571000,0.0167642419,84.474855255,81.733615827,0.0040754576,0.0127311349,-2.976426E-6,0.0583528479,0.1187299677,0.111901332,94.248599705
Northland Ins Co,1,0,1,84668683000,0.13105774,93.824770402,78.063389311,0.135930278,0.0424468787,0.0740826342,0.501536254,1.023513855,1.002726775,97.969047525
Pekin Ins Co,1,0,1,5647375000,0.0258684905,91.382628386,80.417242189,0.0119443512,0.0260337095,0.0603575437,0.2026539454,0.1489910384,0.160001493,107.39001132
Darwin Select Ins Co,1,0,1,215656000,0.0003065171,69.194023784,79.16932523,6.0004382E-6,0,0,0.0045407443,0.0245405297,0.022605878,92.116504023
American General Ind Co,1,0,1,4678664000,0.0115191991,91.382628386,80.616491001,0,0.0195713319,0,0.0349363153,0.0722973202,0.065811788,91.029360136
Farmers TX Cnty Mut Ins Co,1,1,0,138344000,-0.000199708,82.497883147,75.710706705,1.0953965E-7,-1.077439E-8,0.3430518419,0.2816556208,0.094283072,0.064864451,68.797557852
Valor Ins Co Inc,1,0,1,228707000,0.0003605381,70.287173068,64.504582933,0,0.0000999998,0,0.000014426,0.003433047,0.003695056,107.63196553
Royal Ind Co,1,0,1,325657732000,0.1792065397,91.150043432,74.757655687,-0.070622667,0.221807502,0.1046155509,0.0006907498,3.5014753338,3.419820398,97.667984834
General Ins Co Of Amer,1,0,1,113565966000,0.4985438796,96.429721886,82.056355254,0.2700502464,0.3260805278,0.7055389638,1.113211196,2.4470561642,2.214787547,90.508243309
Wesco Ins Co,1,0,1,1420719000,0.0018909757,91.150043432,77.986187354,0.0055024063,0.0056668217,0,0.0915897148,0.1757737055,0.178315078,101.44582066
State Automobile Mut Ins Co,1,1,0,125434646000,0.1123688864,84.358562778,75.857961543,0.0449015652,0.0972994266,0.4812130088,0.7088043469,1.7654961805,1.447561057,81.991741076
AIG Advantage Ins Co,1,0,1,5416171000,0.017077194,93.824770402,80.75374361,0.0157012189,0.0107045366,0.0464640072,0.0232844089,0.0628083541,0.050517469,80.431130095
Safe Auto Ins Co,0,0,1,41871341000,0.1221959979,84.358562778,74.196788796,0.1441959377,0.0516981016,0.2152816686,0.0863635657,0.3457889746,0.29452538,85.174890371
Charter Oak Fire Ins Co,1,0,1,40058032000,0.0798842615,104.33761032,83.343143998,0.0386262875,0.0804809958,0.268280443,0.7917777728,0.708842807,0.669689046,94.476383109
Safeway Ins Co Of GA,1,0,1,2708594000,0.0131396002,84.405079769,77.460996513,0.0168144066,0.0014105241,0.0265605548,0.0030202819,0.0537357455,0.055359693,103.02209917
Williamsburg Natl Ins Co,1,0,1,4042947000,0.014168946,98.871863902,86.640999625,0.0034227234,0.0110069324,0,0.0772123543,0.0724125748,0.05979634,82.5772874
New England Guaranty Ins Co Inc,1,0,1,3053590000,0.016187698,81.567543332,84.404954643,0.0020318518,0.0145100354,0.0474352989,0.0206067877,0.0594597963,0.056382463,94.824514294
USAA Cas Ins Co,1,0,1,132095064000,0.7028522921,82.497883147,82.094517245,0.7990721776,0.9359053389,1.8224858407,1.1212371866,4.496035252,4.18620556,93.108824227
Graphic Arts Mut Ins Co,1,1,0,6260550000,0.0159319831,102.47693069,89.636759867,0.0048526431,0.0074801347,0.02542103,0.1992639295,0.1088293345,0.098788368,90.773658058
Nationwide Affinity Co of Amer,1,0,1,88358000,0.0002888085,84.358562778,77.522028664,0.0001745927,0.00009846,0.0105342778,0.0081606614,0.0132717346,0.01288167,97.060937009
Erie Ins Exch,1,0,0,381549850000,1.2369463229,84.474855255,79.826818242,0.8539151939,0.946071084,1.6757270658,1.9137649495,8.1438804213,7.917614875,97.221649452
Selective Way Ins Co,1,0,1,35233006000,0.1180740201,102.01176078,88.629563729,0.065611576,0.0751522116,0.0414744108,0.6328800415,0.7109308131,0.623062986,87.640453119
Accredited Surety & Cas Co Inc,0,0,1,1206042000,0.0122413176,80.055741131,83.537232111,0,0.0037651596,0,0.0242651973,0.0270966642,0.028428377,104.91467414
Harco Natl Ins Co,1,0,1,29066674000,0.0419302412,91.382628386,80.841109697,0.04199287,0.0304424872,0.0154997908,0.1869700499,0.3570131744,0.331505613,92.855288483
Southern Mut Church Ins Co,0,1,0,1168731000,0.0056278875,75.008647632,71.779885127,0.0002087018,0.0057218932,0,0.018522672,0.0291928266,0.028071899,96.160263597
Fulmont Mut Ins Co,0,1,0,245299000,0.0013689996,102.47693069,94.046059696,0,0.0010161302,0.0014771691,0.0018313871,0.003808047,0.003657401,96.044008058
Housing Authority RRG Inc,0,0,0,13663563000,0.0167095673,81.567543332,85.438811073,0.0216640186,0.0000280044,0,0.0402133967,0.1958425071,0.206338713,105.35951363
Midrox Ins Co,0,1,0,372635000,0.0015051771,102.47693069,94.046059696,0,0.001527745,0.0010906602,0.0032436934,0.0051727126,0.0046801,90.476706612
Wisconsin Mut Ins Co,0,1,0,2836558000,0.0133051164,82.93979456,76.116261661,0.0092100342,0.0185257481,0.0304186812,0.0217755784,0.0676599297,0.071948835,106.33891484
Bond Safeguard Ins Co,0,0,1,676816000,0.0047827155,91.382628386,82.628878571,0,0.0007484943,0,0.0234449671,0.0251109349,0.023352905,92.998946735
Atlantic Specialty Ins Co,1,0,1,1465525000,0.0059415498,102.47693069,87.68973456,0.0025458289,0.0027822962,0.0049819969,0.2631633775,0.0642082313,0.066246417,103.17433713
Canonsburg Mut Fire Ins Co,0,1,0,0,0.0001659463,84.474855255,77.525031506,0,0.0001024178,0.0006166103,0.0001191657,0.0015336825,0.001654562,107.88164782
Locust Mut Fire Ins Co,0,1,0,0,0.0000458468,84.474855255,77.525031506,0,0.0000207488,0,0.000075164,0.0010795141,0.001194406,110.64292611
Mercury Ins Co,1,0,1,67963843000,0.4123134136,98.871863902,90.737585059,0.2927013393,0.2734858218,0.613757393,0.4767872776,1.3424939969,1.342125038,99.972516907
Mississippi Farm Bureau Cas Ins Co,1,0,1,507209000,0.0031624338,67.682221584,62.164952029,0,0.000853638,0.1062201442,0.0954979295,0.0927487313,0.079122436,85.308375519
North Pointe Ins Co,1,0,1,8522320000,0.0297633638,93.12701554,78.333925026,0.004449144,0.0085965727,0.0026746619,0.0524279678,0.1150815568,0.094113939,81.780210186
Federated Natl Ins Co,1,0,1,7274810000,0.0214078655,80.055741131,73.469481951,0.0011116802,0.0248364564,0.0719587431,0.0006565025,0.0621630821,0.044022143,70.817182035
Northfield Ins Co,1,0,1,21632720000,0.0521769415,75.21797409,80.235777717,0.0543721125,0.0169814088,0.0162981795,0.1800405081,0.3379265142,0.333103707,98.572823688
Gateway Ins Co,0,0,1,2571958000,0.0093802238,80.613945021,74.040952767,0.0087245832,0.0004633545,0.0058103016,0.0133931575,0.0386674251,0.035047637,90.638662755
Agri Ins Exch Rrg,0,0,0,686548000,0.0002321738,79.264952288,74.804535853,0.0002378986,0,0,0.0002924565,0.0083481278,0.009259916,110.92206846
Usplate Glass Ins Co,0,0,1,910511000,0.0037460341,91.382628386,77.134666221,0,0.0013771252,0,0.0062911752,0.0087588655,0.007674954,87.624978088
First Sealord Surety Inc,0,0,1,3891707000,0.0093777439,84.474855255,81.945414871,0,0.0011988055,0,0.0131686049,0.0090009033,0.007628542,84.753071836
Triangle Ins Co Inc,0,0,1,1356890000,0.0034184504,73.171226496,71.310418836,0.0001732854,0.0062437248,-9.696952E-8,0.0219256809,0.0213713196,0.013199915,61.764622951
Guilderland Rein Co,1,1,0,642518000,0.0000931671,102.47693069,94.046059696,0,0.0002093392,0.0000142141,0.0000245566,0.0136790273,0.014405012,105.30728316
HSBC Ins Co of DE,1,0,1,8345358000,0.0332522492,91.150043432,77.418306518,0.0053456137,0.0063672433,0,0.113891035,0.2374653065,0.178513166,75.17441965
Union Mut Ins Co,0,1,0,507067000,0.0018873789,73.171226496,67.151362643,0.0000777992,0.0014401608,0.0039610613,0.0027737836,0.0046357672,0.004092344,88.277599283
Capitol Cnty Mut Fire Ins Co,1,1,0,3339314000,0.0005240933,82.497883147,75.710706705,0,0.0004219009,0,0.0507452431,0.0266623351,0.014425184,54.103228267
Travelers Excess & Surplus Lines Co,1,0,1,8490978000,0.0170986512,104.33761032,87.582643774,0.0081934371,0.0170717449,0.0072791196,0.1119753697,0.1631025444,0.161236001,98.855601315
Genworth Residential Mrt Ins Corp NC,1,0,1,0,0.0020874988,80.148775113,86.940892283,0,0.0003914875,0,0.0118347819,0.0420968106,0.044122125,104.81108752
First Trenton Ind Co,1,0,1,32390392000,0.1199346973,102.01176078,93.619159743,0.1372455179,0.0817388288,0.2619416243,0.0896970295,0.7617175143,0.720041941,94.528736372
Main St Amer Assur Co,1,0,1,30323047000,0.1700358419,80.055741131,90.911717894,0.0834604221,0.1432531479,0.1479336657,0.3016240572,0.704257903,0.625591037,88.829821337
Mlba Mut Ins Co,0,0,1,490685000,0.0018332151,93.12701554,85.465370636,0.0002675641,0.0000421144,0,0.0022723452,0.0106602206,0.011100856,104.13345492
National Ins Co Of WI Ins,0,0,1,2173360000,0.0038339325,82.93979456,79.209351817,0,0.0073464164,0,0.0129629172,0.032313058,0.016576557,51.299870745
Hospitals Ins Co Inc,0,0,1,81096646000,0.0301371957,102.47693069,94.046059696,0.0472765239,-0.0001784,0,0.0610731851,0.6787720462,0.73524617,108.32004266
Southern MI Ins Co,1,0,1,1055253000,0.0023867378,93.12701554,85.465370636,0.0029042606,0.0004178596,0.0039293694,0.001091699,0.0100171079,0.010023865,100.06745522
Capital City Ins Co Inc,0,0,1,7562782000,0.0307870495,75.008647632,71.242694265,0.0026347697,0.020476554,0,0.0651770789,0.1200377786,0.106652136,88.848808464
Farmers Mut Of TN,0,1,0,417537000,0.0022699443,77.357755666,70.993462222,0.0000299268,0.0022599564,0.0039351184,0.0026202189,0.0146914142,0.014677585,99.905868513
Ace Ins Co,1,0,1,10113215000,0.013273912,51.726893747,47.471274799,0.0052803775,0.0028152892,0,0.0563750054,0.0825428381,0.074984961,90.843691278
Republic Western Ins Co,1,0,1,27772350000,0.0231967206,81.265182892,80.099194825,0.0076318498,0.0009273465,0.0000190922,0.0230954961,0.2444449635,0.243165278,99.476493403
Mutual Savings Fire Ins Co,1,0,1,231670000,0.0016889182,75.148198604,67.437914676,0,0.0030437575,0,0.0041559845,0.0037420916,0.003634975,97.137520717
Commonwealth Mut Ins Co,0,1,0,371031000,0.0019095427,97.8717486,89.819750159,0,0.0002966091,0,0.0019498712,0.0015147439,0.001580832,104.36299133
Farmers Mech Mut Ins Asn Cecil Cty,0,1,0,0,0.0002078506,97.8717486,89.819750159,0,0.0001722744,0.0009749244,0.0004455857,0.0010511299,0.000955564,90.908271487
American Surety Co,0,0,1,1287433000,0.0058129763,79.264952288,81.716895432,0,0.0000865785,0,0.0067504498,0.0103925228,0.009785945,94.163325244
Infinity Specialty Ins Co,1,0,1,74831000,0.0001512599,84.358562778,73.147493413,0.0003129673,0.000151953,0.012492387,0.0067482249,0.0128959688,0.014152843,109.74625685
Sutter Ins Co,0,0,1,3473959000,0.0144030188,98.871863902,89.799179958,0.0072769072,0.0109906595,0.0021244559,0.03052232,0.0690450567,0.07162764,103.74043185
Underwriters At Lloyds,0,0,0,11210857000,0.0205538486,75.706402494,69.477967388,0.0045546657,0.0266418242,0.0001401371,0.0572343825,0.1286752949,0.126003471,97.9235922
Alliance Mut Ins Co,0,1,0,880600000,0.0040229099,80.148775113,73.554861941,0.0005616924,0.0030547941,0.0042549015,0.0036789285,0.0114773055,0.01114943,97.143270787
Liberty American Select Ins Co,1,0,1,3582284000,0.0091852558,80.055741131,73.469481951,2.2213204E-6,0.0138534773,0.0684029164,0.0197509733,0.0523205857,0.029049889,55.522866561
Progressive Specialty Ins Co,1,0,1,32178090000,0.2044973262,84.358562778,76.098764308,0.1966184025,0.138166678,0.5793345538,0.5110276543,0.94104232,0.903496932,96.010233842
Property-Owners Ins Co,1,0,1,2110278000,0.0117230209,79.264952288,72.791659155,0.0015247658,0.0100172049,0.0335606194,0.0667219848,0.0891440545,0.078961231,88.577114237
Ins Co Of The Americas,1,0,1,5091478000,0.01590569,80.055741131,73.469481951,0,0.0083818777,0,0.0318950377,0.0528304057,0.052711434,99.774804509
Norcal Mut Ins Co,1,1,0,58475194000,0.1210964847,98.871863902,90.109009218,0.0605578693,-0.000199504,0,0.1867463385,0.8653494162,0.922173924,106.56665466
First Professionals Ins Co,1,0,0,26801612000,0.0977491506,80.055741131,73.320385499,0.0459908615,-0.000023729,0,0.2493736245,0.6409737679,0.607944715,94.847050753
Medical Assur Co Inc,1,1,0,71643703000,0.184811265,75.148198604,73.26745237,0.0631434269,0.0056269573,0,0.3063617295,1.4102840453,1.409187794,99.922267341
Seminole Cas Ins Co,0,0,1,3222573000,0.0089715906,80.055741131,75.552915431,0.0076754628,0.0025658037,0.0325735882,0.0090433984,0.0338803225,0.033479375,98.816576941
Aegis Security Ins Co,1,0,1,6512039000,0.0261141125,84.474855255,81.956870681,0.0012180144,0.0172989193,0.0384170516,0.0398065674,0.0646486435,0.037811782,58.488128985
Florida Lawyers Mut Ins Co,0,1,0,1696025000,0.0036816455,80.055741131,73.469481951,0.001469847,0,0,0.0116999494,0.0411032016,0.04293817,104.46429552
Mercury Ins Co Of IL,1,0,1,2938216000,0.0100635267,91.382628386,83.864495812,0.0069905105,0.0056700747,0.0156005367,0.0090399218,0.0388048452,0.039389674,101.50710241
Centre Ins Co,1,0,1,19092693000,0.019808258,91.150043432,87.132476194,-0.001913056,0.0075961857,-0.003751367,0.0107078192,0.5236660316,0.376978653,71.988372411
Property & Cas Ins Co Of Hartford,1,0,1,5664395000,0.0173025943,79.264952288,78.025553186,0.007201051,0.0166982668,0.4712660179,0.2471260263,0.1602954742,0.167766191,104.66059121
Kansas Medical Mut Ins Co,0,1,0,5412084000,0.0178455706,78.985850343,72.575032671,0.0095411052,0,0,0.0373235289,0.1238555729,0.134308257,108.43941365
Computer Ins Co,0,0,1,59211000,0.00138518,90.661615029,85.0615966,0,0.000171364,0,0.0097096131,0.0308576631,0.032066199,103.91648548
New York Schools Ins Reciprocal,0,0,0,11302776000,0.0249499521,102.47693069,94.046059696,0.0127400597,0.0074375453,0,0.0717319188,0.139299019,0.152966081,109.81131246
First Specialty Ins Corp,1,0,1,9692683000,0.0290762369,80.613945021,83.625990471,-0.003507905,0.0075905641,0,0.1904464522,0.1668502557,0.14783802,88.605210324
Omni Ind Co,1,0,1,3724141000,0.0125642028,91.382628386,75.026984066,0.0165456224,0.0040644039,0.019189377,0.0066864652,0.0512403488,0.047187836,92.091168521
Financial Cas & Surety Inc,0,0,1,91092000,0.0002526218,82.497883147,76.494678517,0,0.0002845445,0,0.0015120655,0.0073607545,0.007873257,106.96263602
Allianz Global Risks US Ins Co,1,0,1,838796661000,0.0557836466,98.871863902,80.761073573,-0.001291716,0.0212977054,0,0.6586791305,4.0385982867,4.098352911,101.47958822
United Automobile Ins Co,1,0,1,46578781000,0.12777196,80.055741131,74.451491091,0.1111532523,0.0120792555,0.2899110718,0.064447922,0.4475355456,0.460304709,102.8532177
Delos Ins Co,0,0,1,22030442000,0.0379439346,91.150043432,89.140500716,0.0267687852,0.0215380803,0.0156807341,0.206908388,0.277982093,0.263144545,94.662408717
Association Cas Ins Co,1,0,1,2824486000,0.0118342073,82.497883147,74.323641399,0.0012880596,0.0052003301,0,0.0377439547,0.0573620528,0.050420768,87.899169508
Harleysville Preferred Ins Co,1,0,1,27112675000,0.0896002396,84.474855255,81.94916526,0.0348974431,0.0683630225,0.058468634,0.1983682085,0.5568923584,0.599003111,107.56174006
Mid-Hudson Co-Operative Ins Co,0,0,1,410376000,0.0017665584,102.47693069,94.046059696,0.0000186702,0.0023291092,0.0018555037,0.0038131909,0.0103555944,0.00982834,94.90850644
Travelers Commercial Ins Co,1,0,1,14812906000,0.0299136127,104.33761032,84.646420722,0.0143385754,0.029875492,0.0613312614,0.0835394567,0.2688924626,0.265293941,98.661724631
Travelers Personal Security Ins Co,1,0,1,8473415000,0.0171001758,104.33761032,76.887768461,0.0081934371,0.0170717449,0.0429305303,0.0557950684,0.1649665392,0.163883252,99.343329117
United Cas & Surety Ins Co,0,0,1,984738000,0.0021937927,106.91930331,97.553382459,0,0.000013468,0,0.0028626516,0.0112666473,0.012155915,107.89292183
Capital Assur Co Inc,0,0,1,2566417000,-0.000128761,80.055741131,,0.0003387505,0.0000505436,0,0,0.0380302168,0.041801737,109.91716729
Lawyers Mut Ins Co,0,1,0,11889713000,0.0244467907,98.871863902,90.737585059,0.0098765255,0,0,0.0490217212,0.2024118996,0.21562784,106.52923095
Real Legacy Assur Co Inc,1,0,1,4983429000,0.0177588018,51.726893747,48.977006675,0.0022282474,0.0066039127,0.0185549144,0.092473785,0.1123874965,0.101209216,90.053804163
Gulf Guaranty Ins Co,1,0,1,380820000,0.0012225855,67.682221584,64.988015839,0,0.0009633024,0,0.0013975912,0.0050156678,0.005460611,108.87106683
Colony Specialty Ins Co,1,0,1,9193259000,0.0192337352,84.358562778,83.421709512,0.0143945618,0.0036987794,0,0.054482963,0.1207191772,0.128188794,106.18759754
Hudson Specialty Ins Co,1,0,1,1154865000,-0.002037861,102.47693069,79.540556533,0.0092362815,0.0000832205,0,0.2079690227,0.1029223175,0.085385271,82.960890353
Redland Ins Co,1,0,1,11167820000,0.0204097115,102.01176078,87.82254066,0.0035259995,-0.002950733,0.0157845454,0.1152326954,0.1129732391,0.070805536,62.674609103
Permanent General Assur Corp,1,0,1,8938290000,0.041890358,77.357755666,82.327610015,0.049739706,0.022580992,0.1167960318,0.062910402,0.1730245064,0.142666875,82.454721592
Pacific Specialty Ins Co,1,0,1,9486800000,0.0536503342,98.871863902,89.328783189,0.005582724,0.0381723337,0.0933795226,0.0284753419,0.2082631977,0.218607545,104.96695882
General Fire & Cas Co,0,0,1,2789887000,0.0099747134,76.869327263,77.7978898,0.0008130598,0.0059866829,0,0.0196815736,0.0307109734,0.024964456,81.288390663
BCS Ins Co,1,0,1,7437690000,0.024050672,84.358562778,80.659867641,0.0001276002,0.0405377984,0,0.2270354855,0.2022185424,0.174689426,86.38645297
Hartford Lloyds Ins Co,1,0,0,242337000,0.0003672954,82.497883147,75.710611535,0.0001440213,0.0003339639,0.0426959727,0.069181465,0.0424236724,0.046072512,108.60095173
Hartford Ins Co Of IL,1,0,1,113916832000,0.3482682078,91.382628386,87.903393901,0.1454612634,0.3373049593,0.2856559791,0.774554091,2.9758033126,3.165747421,106.38295238
Samsung Fire & Marine Ins Co Ltd,0,0,0,1836834000,0.0038566575,102.47693069,94.046059696,0.0007174658,0.0032132539,0,0.023392758,0.0494547736,0.048302501,97.670047782
Northern Assur Co Of Amer,1,0,1,12900239000,0.0484955367,106.91930331,82.069954377,0.0212152409,0.0231858223,0.0344597837,0.1774084213,0.3046642897,0.298676229,98.034538041
Folksamerica Rein Co,1,0,1,184083697000,0.2428934395,102.47693069,90.60432297,0.1866077224,0.5204271507,-0.001034626,1.1203122086,2.8289978227,2.409670421,85.177528299
American Healthcare Specialty,1,0,1,1455947000,0.0037289262,69.194023784,,0.0019031113,0.0003998853,0,0.0057576346,0.0406463935,0.044932887,110.54581522
Markel Ins Co,1,0,1,24008972000,0.1002604081,91.382628386,84.584427862,0.0122417154,0.0599681105,0.0070767379,0.3078652591,0.4862382568,0.411237427,84.575292306
Essex Ins Co,1,0,1,81204377000,0.2000220426,91.150043432,81.573437917,0.0555652003,0.1272868062,0.0021723741,0.5175112754,0.9383871104,0.928733777,98.971284525
Converium Reins North Amer Inc,1,0,1,130089514000,0.048283547,104.33761032,,0.0093689143,0.0485411618,-0.001007046,0.0128241386,1.5227182847,1.395519897,91.646623741
Adriatic Ins Co,0,0,1,499087000,0.005182335,71.752458277,82.451698816,-0.000083502,0.0097821921,0,0.0228991822,0.0561454265,0.058263243,103.77201971
Infinity Assurance Ins Co,1,0,1,210716000,0.0002747416,84.358562778,74.573531702,0.0003129682,0.000151953,0.0074657814,0.0033666974,0.0060785561,0.006577159,108.2026538
Heritage Ind Co,1,0,1,2089658000,0.0044350403,98.871863902,85.122198755,0,0.0216561021,0,0.0444716328,0.1725790095,0.184018969,106.6288244
Firemans Fund Ins Co Of OH,1,0,1,1133203000,0.0032196638,84.358562778,81.391368395,0.0013589318,0.0028567132,0.0072259489,0.0256585452,0.0445647245,0.041885705,93.988475201
Golden Bear Ins Co,0,0,1,5604475000,0.0107424651,98.871863902,90.62846079,0.0049980902,0.0023950969,0.0020857166,0.0370707231,0.0683492169,0.068979158,100.92165082
American Natl General Ins Co,1,0,1,2698983000,0.0081858484,80.613945021,73.719968017,0.0102395327,0.0141223827,0.0248244519,0.0117776166,0.0924495507,0.08829912,95.510599374
Anchor General Ins Co,1,0,1,4281078000,0.0103389821,98.871863902,89.760423336,0.0086965186,0.0073343662,0.0321671324,0.0321883238,0.034244435,0.027978341,81.701861859
Firstline Natl Ins Co,1,0,1,2614960000,0.0090240053,97.8717486,83.67720404,0.0011294166,0.0100955051,0.0008773659,0.04653498,0.0446310148,0.045068511,100.98025151
ICM Ins Co,0,0,1,893072000,0.0015535963,102.47693069,85.97765058,0.0000660569,-0.000064903,3.9506102E-7,2.9512854E-6,0.0097205635,0.009812516,100.9459589
Emc Rein Co,1,0,1,14995747000,0.0256527243,75.21797409,,-0.000284432,0.0516613357,0.0101748791,0.0729568171,0.2235354091,0.240821961,107.73324993
United Guaranty Credit Ins Co,1,0,1,0,0.0003028035,80.148775113,88.828095883,0,0.0000546917,0,0.0006293511,0.0172081532,0.018820362,109.36886616
Pacific Pioneer Ins Co,0,0,1,1021582000,0.0028821775,98.871863902,90.07137784,-0.000011354,0.00240409,0.0002971802,0.0043601708,0.0195256996,0.019593926,100.34941838
Blue Ridge Ind Co,1,0,1,2226548000,0.0108182091,82.93979456,94.043788961,0.0046695817,0.0087117024,0.0130750311,0.0238378257,0.0512106474,0.046423151,90.651365149
Virginia Surety Co Inc,1,0,1,91310053000,0.1366411616,91.382628386,85.876495682,0.0526123634,0.3207931631,0,1.037630793,1.7197713737,1.572793564,91.453642505
Ocean Marine Ind Ins Co,0,0,1,342150000,0.001003956,73.10145101,67.08732765,0,0.0027816246,0,0.0026940019,0.0117666186,0.012931335,109.89848009
Triumphe Cas Co,1,0,1,214912000,0.0008495374,84.474855255,77.468644792,0.0012945288,-0.000681532,0,-0.000647753,0.0156174768,0.014757273,94.492043797
Rutgers Cas Ins Co,1,0,1,7044392000,0.0188974134,102.01176078,92.125236006,0.0110580776,0.0044596041,0.0188004313,0.0202856139,0.0631994986,0.052873903,83.661902618
Physicians Recip Insurers,0,0,0,0,0.1335057302,102.47693069,94.046059696,0.1971773249,0,0,0.2821491292,0.9223574297,0.810852359,87.910861118
Liberty Northwest Ins Corp,1,0,1,42300699000,0.1275089041,86.707670813,78.380943702,0.0329356068,0.2249316158,0.0511308254,0.3758955091,1.006302632,1.008394925,100.20791886
Diamond State Ins Co,1,0,1,12897636000,0.0065022321,79.264952288,83.084887922,0.0027046407,0.0014394767,0.0022089972,0.1043473152,0.1452509688,0.134139259,92.349992644
Slavonic Ins Co Of TX,0,0,1,36623000,0.0000652309,82.497883147,75.710706705,0,4.5387124E-6,0,0.0000555007,0.002042804,0.002261033,110.68281834
National Ind Co Of The South,1,0,1,9336790000,0.0140869215,80.055741131,72.906680603,0.0076124703,0.0344453514,0,0.0555082262,0.1585221683,0.170241122,107.39262768
Majestic Ins Co,0,0,1,8389814000,0.030455262,98.871863902,90.579387847,0,0.0307511717,0,0.0821437681,0.1570709269,0.157637697,100.36083704
Veterinary Pet Ins Co,1,0,1,8072681000,0.0357987523,98.871863902,90.737585059,0,0.0468699998,0,0.0836566956,0.087944054,0.061491923,69.92163793
Technology Ins Co Inc,1,0,1,6501555000,0.0087823708,88.359023986,76.098783408,0.0020899689,0.0141310301,0,0.1476939274,0.1440745076,0.113306793,78.644581112
Frandisco Prop & Cas Ins Co,1,0,1,1768989000,0.012114741,84.405079769,,0,0.002680102,0,0.0180656044,0.0458969609,0.048819122,106.3667856
Progressive Classic Ins Co,1,0,1,13291714000,0.0875839083,82.93979456,79.32913048,0.0842650312,0.0592142901,0.4074814384,0.322807335,0.373891685,0.290083052,77.584782867
Delaware Professional Ins Co,0,1,0,328427000,0.0006707454,91.150043432,83.651045835,0.0011397708,0,0,0.0017441001,0.0047451937,0.00502349,105.86480327
Colonial Mortgage Ins Co,1,0,1,0,0.0000703595,82.497883147,,0,2.7232274E-6,0,0.0010721624,0.0040513283,0.004186568,103.33815695
Wayne Cooperative Ins Co,0,1,0,661363000,0.0030576583,102.47693069,94.046059696,-0.000010095,0.0037334434,0.0046380262,0.0043918458,0.0141500998,0.013951054,98.593325525
United Fire LLoyds,1,0,0,510184000,0.0018613075,82.497883147,75.710706705,0.0004239373,0.0023073296,0.0025618217,0.0442909741,0.0146428675,0.01120834,76.544706665
First Mut Ins Co,0,0,1,86864000,0.0002050699,80.148775113,73.554861941,0,0.0002707138,0.0022289998,0.0016813851,0.0021080869,0.001985216,94.171449995
Commerce Protective Ins Co,0,0,1,463510000,0.0017360714,84.474855255,75.587322625,0.0005867949,0.0002779569,0,0.0042195758,0.0053732501,0.004982257,92.723341461
Ophthalmic Mut Ins Co RRG,0,0,0,5299410000,0.0165025266,81.567543332,79.748329966,0.0083881053,0,0,0.0438895975,0.1323695984,0.134111225,101.31573003
Oms Natl Ins Co Rrg,1,0,0,8727944000,0.0380669009,91.382628386,82.443540817,0.0195697507,0,0,0.0592092961,0.1879638169,0.169923832,90.402416168
Mental Health RRG,0,0,0,1099333000,0.0008822242,81.567543332,76.628884416,0.0005040332,0,0,0.0070486868,0.0119166439,0.012278355,103.03534352
Admiral Ind Co,1,0,1,1940363000,0.0034651772,91.150043432,94.008801433,0.0002692233,0.0047171372,0.000321673,0.0508204313,0.0584929473,0.050613601,86.52940802
Imperial Fire & Cas Ins Co,0,0,1,3380942000,0.0146019527,73.10145101,67.526465704,0.0158461516,0.0043114374,0.0329648988,0.0183909506,0.0515688475,0.046355341,89.890201702
Yel Co Ins,0,0,1,146485000,0.0000276534,80.055741131,73.469481951,0.0000924928,0,0,0.0010757116,0.0101542632,0.011306922,111.35147597
Discover Rein Co,1,0,1,136456544000,0.032322939,79.264952288,,0.1014180841,0.1700486096,0,0.7851834825,1.5615892308,1.011937531,64.801774438
Progressive Paloverde Ins Co,1,0,1,1245972000,0.0046085978,79.264952288,69.432364595,0.0042103538,0.0031889837,0.0355265382,0.0223482616,0.0361467113,0.028463158,78.743423617
AmFirst Ins Co,0,0,1,741207000,0.0070781476,73.171226496,62.125387646,0,0.0075671505,0,0.0192403282,0.0066097758,0.006776546,102.5230843
